9781940270371;Fiction
9781940270371;Mystery & Detective
9781940270371;Private Investigators
9780758272799;Fiction
9780758272799;Mystery & Detective
9780758272799;Cozy
9780758272799;General
9781506713816;Games & Activities
9781506713816;Video & Electronic
9780062651242;Games & Activities
9780062651242;Video & Electronic
9781473211551;Fiction
9781473211551;Fantasy
9781473211551;Dragons & Mythical Creatures
9781302368807;Comics & Graphic Novels
9781302368807;Superheroes
9781429960748;Fiction
9781429960748;Fantasy
9781429960748;Epic
9781838880514;Fiction
9781838880514;Women
9780007423309;Fiction
9780007423309;Classics
9781409005216;Business & Economics
9781409005216;Motivational
9781838880415;Fiction
9781838880415;Noir
9781632913821;Fiction
9781632913821;Fantasy
9781632913821;Epic
9781451621716;Business & Economics
9781451621716;Leadership
9781524763404;Cooking
9781524763404;Methods
9781524763404;Baking
9781476759685;Fiction
9781476759685;Literary
9781496708489;Fiction
9781496708489;Mystery & Detective
9781496708489;Amateur Sleuth
9780062336583;Fiction
9780062336583;Mystery & Detective
9780062336583;Women Sleuths
9781416595847;Business & Economics
9781416595847;Industries
9781416595847;General
9780814434222;Business & Economics
9780814434222;Marketing
9780814434222;General
9781429960373;Fiction
9781429960373;Fantasy
9781429960373;Epic
9780553897845;Fiction
9780553897845;Science Fiction
9780553897845;Action & Adventure
9780008244880;Fiction
9780008244880;Thrillers
9780008244880;Crime
9780062119209;Business & Economics
9780062119209;Management
9780749460211;Business & Economics
9780749460211;Corporate Finance
9780749460211;General
9781405941020;Fiction
9781405941020;Crime
9780786956890;Fiction
9780786956890;Fantasy
9780786956890;Epic
9780307574961;Fiction
9780307574961;Mystery & Detective
9780307574961;Police Procedural
9780399587993;Fiction
9780399587993;Fantasy
9780399587993;Contemporary
9780007452170;Fiction
9780007452170;Mystery & Detective
9780007452170;Cozy
9780007452170;General
9780007374038;Fiction
9780007374038;Fantasy
9780007374038;Dragons & Mythical Creatures
9780575087057;Fiction
9780575087057;Fantasy
9780575087057;Urban
9781617738760;Fiction
9781617738760;Mystery & Detective
9781617738760;Amateur Sleuth
9781524705398;Fiction
9781524705398;Thrillers
9781524705398;Suspense
9781617730436;Fiction
9781617730436;Mystery & Detective
9781617730436;Private Investigators
9781501124051;Business & Economics
9781501124051;General
9780814434208;Business & Economics
9780814434208;General
9781617734076;Fiction
9781617734076;Mystery & Detective
9781617734076;Cozy
9781617734076;General
9780758277695;Fiction
9780758277695;Mystery & Detective
9780758277695;Cozy
9780758277695;General
9780330513081;Fiction
9780330513081;General
9780393249125;Business & Economics
9780393249125;New Business Enterprises
9780330523332;Fiction
9780330523332;Mystery & Detective
9780330523332;General
9788026804758;Poetry
9788026804758;General
9781476789477;Fiction
9781476789477;General
9781640290112;Fiction
9781640290112;Thrillers
9781640290112;Suspense
9780374722104;Fiction
9780374722104;LGBT
9780374722104;Gay
9781101904237;Fiction
9781101904237;Thrillers
9781101904237;Suspense
9780061792809;Business & Economics
9780061792809;Economics
9780061792809;Theory
9780743274333;Self-Help
9780743274333;Personal Growth
9780743274333;Success
9783743895003;Cooking
9783743895003;General
9780385544191;Fiction
9780385544191;Thrillers
9780385544191;Crime
9780007463497;Fiction
9780007463497;Thrillers
9780007463497;Military
9781302494605;Comics & Graphic Novels
9781302494605;Superheroes
9780007422135;Fiction
9780007422135;Classics
9780785180197;Comics & Graphic Novels
9780785180197;Superheroes
9781429960199;Fiction
9781429960199;Fantasy
9781429960199;Action & Adventure
9781429960571;Fiction
9781429960571;Fantasy
9781429960571;Epic
9781473526853;Psychology
9781473526853;Emotions
9781471172816;Juvenile Fiction
9781471172816;General
9780062218360;Psychology
9780062218360;Creative Ability
9780007322596;Fiction
9780007322596;Fairy Tales
9780007322596;Folk Tales
9780007322596;Legends & Mythology
9780996435420;Health & Fitness
9780996435420;Healthy Living
9781840469097;Philosophy
9781840469097;Movements
9781840469097;General
9780356504322;Fiction
9780356504322;Science Fiction
9780356504322;Space Opera
9780007422586;Fiction
9780007422586;Classics
9780785182962;Comics & Graphic Novels
9780785182962;Superheroes
9780748129942;Fiction
9780748129942;Mystery & Detective
9780748129942;General
9781473649491;Self-Help
9781473649491;General
9781401266066;Comics & Graphic Novels
9781401266066;Superheroes
9781471407574;Fiction
9781471407574;Fantasy
9781471407574;Dark Fantasy
9780814432990;Business & Economics
9780814432990;Business Communication
9780814432990;General
9781473211582;Fiction
9781473211582;Fantasy
9781473211582;General
9780345459541;Fiction
9780345459541;Thrillers
9780345459541;Crime
9780071802673;Business & Economics
9780071802673;Training
9780330524759;Fiction
9780330524759;Thrillers
9780330524759;Political
9780759515062;Self-Help
9780759515062;Communication & Social Skills
9781526012456;Business & Economics
9781526012456;Personal Finance
9781526012456;General
9780007482931;Fiction
9780007482931;Fantasy
9780007482931;Dark Fantasy
9781943481316;Young Adult Fiction
9781943481316;Fantasy
9781943481316;Epic
9781101872932;Social Science
9781101872932;Gender Studies
9781302377366;Comics & Graphic Novels
9781302377366;Superheroes
9780307887450;Fiction
9780307887450;Thrillers
9780307887450;General
9780748112586;Fiction
9780748112586;Fantasy
9780748112586;General
9780008150907;Fiction
9780008150907;Action & Adventure
9780307796226;Fiction
9780307796226;Science Fiction
9780307796226;Action & Adventure
9780307463760;Business & Economics
9780307463760;Entrepreneurship
9780345535863;Fiction
9780345535863;Fairy Tales
9780345535863;Folk Tales
9780345535863;Legends & Mythology
9781473684454;Fiction
9781473684454;Thrillers
9781473684454;Crime
9781302393021;Comics & Graphic Novels
9781302393021;Superheroes
9781472249425;Fiction
9781472249425;General
9781449474836;Comics & Graphic Novels
9781449474836;Humorous
9780007369218;Fiction
9780007369218;Fantasy
9780007369218;Epic
9780425285954;Fiction
9780425285954;Science Fiction
9780425285954;Action & Adventure
9781526012487;Self-Help
9781526012487;Personal Growth
9781526012487;General
9780679603856;Self-Help
9780679603856;Personal Growth
9780679603856;General
9783642286162;Business & Economics
9783642286162;Information Management
9781529018592;Biography & Autobiography
9781529018592;Science & Technology
9780071614146;Business & Economics
9780071614146;Public Finance
9781632914965;Fiction
9781632914965;Fantasy
9781632914965;Epic
9781632917072;Fiction
9781632917072;Mystery & Detective
9781632917072;General
9781101615478;Business & Economics
9781101615478;Personal Finance
9781101615478;Investing
9781094310442;Fiction
9781094310442;Mystery & Detective
9781094310442;General
9781526610232;Business & Economics
9781526610232;Time Management
9781473616141;Business & Economics
9781473616141;E-Commerce
9781473616141;Online Trading
9781473663527;Fiction
9781473663527;Mystery & Detective
9781473663527;General
9780698155558;Biography & Autobiography
9780698155558;Personal Memoirs
9780007287758;Fiction
9780007287758;Fantasy
9780007287758;Action & Adventure
9780553905656;Fiction
9780553905656;Science Fiction
9780553905656;Action & Adventure
9781506714820;Comics & Graphic Novels
9781506714820;Fantasy
9780698198586;Self-Help
9780698198586;Personal Growth
9780698198586;Success
9781405516976;Fiction
9781405516976;Action & Adventure
9781401252090;Comics & Graphic Novels
9781401252090;Superheroes
9781409134336;Fiction
9781409134336;Thrillers
9781409134336;Crime
9788074844553;Body
9788074844553;Mind & Spirit
9788074844553;General
9780547601205;Fiction
9780547601205;Science Fiction
9780547601205;General
9780761181347;Self-Help
9780761181347;Personal Growth
9780761181347;Success
9780571321599;Fiction
9780571321599;Thrillers
9780571321599;Suspense
9781501141232;Fiction
9781501141232;Coming of Age
9781302368173;Comics & Graphic Novels
9781302368173;Superheroes
9780698161863;Business & Economics
9780698161863;Time Management
9781632915740;Juvenile Fiction
9781632915740;Science Fiction
9780385354295;Fiction
9780385354295;Thrillers
9780385354295;Suspense
9780062359803;Psychology
9780062359803;Neuropsychology
9781683356950;Juvenile Fiction
9781683356950;General
9781401236632;Comics & Graphic Novels
9781401236632;Superheroes
9780814436288;Business & Economics
9780814436288;Strategic Planning
9781302505295;Comics & Graphic Novels
9781302505295;Superheroes
9780345443076;Fiction
9780345443076;Mystery & Detective
9780345443076;Traditional
9780735213524;Business & Economics
9780735213524;Decision-Making & Problem Solving
9780345542847;Fiction
9780345542847;Science Fiction
9780345542847;Action & Adventure
9780399593550;Fiction
9780399593550;Mystery & Detective
9780399593550;General
9780007319923;Self-Help
9780007319923;Personal Growth
9780007319923;General
9781405914895;Fiction
9781405914895;Thrillers
9781405914895;Crime
9781101207369;Fiction
9781101207369;Mystery & Detective
9781101207369;Women Sleuths
9781401945534;Body
9781401945534;Mind & Spirit
9781401945534;New Thought
9780814437049;Business & Economics
9780814437049;Personal Success
9781529404937;Sports & Recreation
9781529404937;General
9781607066309;Comics & Graphic Novels
9781607066309;Horror
9780007593101;Fiction
9780007593101;Fantasy
9780007593101;Action & Adventure
9781626569430;Business & Economics
9781626569430;Time Management
9781632913296;Fiction
9781632913296;Fantasy
9781632913296;Epic
9781476797502;Fiction
9781476797502;Classics
9780571356515;Fiction
9780571356515;General
9781743341490;Fiction
9781743341490;Fantasy
9781743341490;General
9781401267452;Comics & Graphic Novels
9781401267452;Superheroes
9781401242299;Comics & Graphic Novels
9781401242299;Superheroes
9781789090154;Fiction
9781789090154;Action & Adventure
9781302486112;Comics & Graphic Novels
9781302486112;Superheroes
9781448170609;Fiction
9781448170609;Crime
9781250314161;Fiction
9781250314161;Mystery & Detective
9781250314161;Women Sleuths
9780385347419;Biography & Autobiography
9780385347419;Rich & Famous
9781448176007;Business & Economics
9781448176007;General
9781848940819;Fiction
9781848940819;Horror
9781401244330;Comics & Graphic Novels
9781401244330;Superheroes
9781418535285;Business & Economics
9781418535285;Leadership
9781401270506;Comics & Graphic Novels
9781401270506;Superheroes
9781627931991;Self-Help
9781627931991;Personal Growth
9781627931991;Success
9780814416259;Business & Economics
9780814416259;Accounting
9780814416259;Managerial
9780765396143;Fiction
9780765396143;Fantasy
9780765396143;Military
9780399564505;Business & Economics
9780399564505;Personal Success
9781789460148;True Crime
9781789460148;Organized Crime
9781471167690;Fiction
9781471167690;Thrillers
9781471167690;Suspense
9780486114354;Fiction
9780486114354;Mystery & Detective
9780486114354;Collections & Anthologies
9781595555045;Business & Economics
9781595555045;General
9781440631849;Fiction
9781440631849;Fantasy
9781440631849;Action & Adventure
9781474602198;Music
9781474602198;Genres & Styles
9781474602198;Musicals
9781302013622;Comics & Graphic Novels
9781302013622;Superheroes
9781401253523;Comics & Graphic Novels
9781401253523;Superheroes
9780061899874;Business & Economics
9780061899874;Marketing
9780061899874;General
9781497684256;Fiction
9781497684256;Satire
9781617731259;Fiction
9781617731259;Mystery & Detective
9781617731259;Cozy
9781617731259;General
9781302013929;Comics & Graphic Novels
9781302013929;Superheroes
9780061793660;Business & Economics
9780061793660;Personal Finance
9780061793660;General
9780345535658;Fiction
9780345535658;Action & Adventure
9780785179009;Comics & Graphic Novels
9780785179009;Superheroes
9780141983776;Psychology
9780141983776;Cognitive Psychology & Cognition
